DateKey,Date,Day,WeekNum,Month,MonthNum,Quarter,Year
20130101,2013-01-01,Tuesday,1,Jan,1,1,2013
20130102,2013-01-02,Wednesday,1,Jan,1,1,2013
20130103,2013-01-03,Thursday,1,Jan,1,1,2013
20130104,2013-01-04,Friday,1,Jan,1,1,2013
20130105,2013-01-05,Saturday,1,Jan,1,1,2013
20130106,2013-01-06,Sunday,2,Jan,1,1,2013
20130107,2013-01-07,Monday,2,Jan,1,1,2013
20130108,2013-01-08,Tuesday,2,Jan,1,1,2013
20130109,2013-01-09,Wednesday,2,Jan,1,1,2013
20130110,2013-01-10,Thursday,2,Jan,1,1,2013
20130111,2013-01-11,Friday,2,Jan,1,1,2013
20130112,2013-01-12,Saturday,2,Jan,1,1,2013
20130113,2013-01-13,Sunday,3,Jan,1,1,2013
20130114,2013-01-14,Monday,3,Jan,1,1,2013
20130115,2013-01-15,Tuesday,3,Jan,1,1,2013
20130116,2013-01-16,Wednesday,3,Jan,1,1,2013
20130117,2013-01-17,Thursday,3,Jan,1,1,2013
20130118,2013-01-18,Friday,3,Jan,1,1,2013
20130119,2013-01-19,Saturday,3,Jan,1,1,2013
20130120,2013-01-20,Sunday,4,Jan,1,1,2013
20130121,2013-01-21,Monday,4,Jan,1,1,2013
20130122,2013-01-22,Tuesday,4,Jan,1,1,2013
20130123,2013-01-23,Wednesday,4,Jan,1,1,2013
20130124,2013-01-24,Thursday,4,Jan,1,1,2013
20130125,2013-01-25,Friday,4,Jan,1,1,2013
20130126,2013-01-26,Saturday,4,Jan,1,1,2013
20130127,2013-01-27,Sunday,5,Jan,1,1,2013
20130128,2013-01-28,Monday,5,Jan,1,1,2013
20130129,2013-01-29,Tuesday,5,Jan,1,1,2013
20130130,2013-01-30,Wednesday,5,Jan,1,1,2013
20130131,2013-01-31,Thursday,5,Jan,1,1,2013
20130201,2013-02-01,Friday,5,Feb,2,1,2013
20130202,2013-02-02,Saturday,5,Feb,2,1,2013
20130203,2013-02-03,Sunday,6,Feb,2,1,2013
20130204,2013-02-04,Monday,6,Feb,2,1,2013
20130205,2013-02-05,Tuesday,6,Feb,2,1,2013
20130206,2013-02-06,Wednesday,6,Feb,2,1,2013
20130207,2013-02-07,Thursday,6,Feb,2,1,2013
20130208,2013-02-08,Friday,6,Feb,2,1,2013
20130209,2013-02-09,Saturday,6,Feb,2,1,2013
20130210,2013-02-10,Sunday,7,Feb,2,1,2013
20130211,2013-02-11,Monday,7,Feb,2,1,2013
20130212,2013-02-12,Tuesday,7,Feb,2,1,2013
20130213,2013-02-13,Wednesday,7,Feb,2,1,2013
20130214,2013-02-14,Thursday,7,Feb,2,1,2013
20130215,2013-02-15,Friday,7,Feb,2,1,2013
20130216,2013-02-16,Saturday,7,Feb,2,1,2013
20130217,2013-02-17,Sunday,8,Feb,2,1,2013
20130218,2013-02-18,Monday,8,Feb,2,1,2013
20130219,2013-02-19,Tuesday,8,Feb,2,1,2013
20130220,2013-02-20,Wednesday,8,Feb,2,1,2013
20130221,2013-02-21,Thursday,8,Feb,2,1,2013
20130222,2013-02-22,Friday,8,Feb,2,1,2013
20130223,2013-02-23,Saturday,8,Feb,2,1,2013
20130224,2013-02-24,Sunday,9,Feb,2,1,2013
20130225,2013-02-25,Monday,9,Feb,2,1,2013
20130226,2013-02-26,Tuesday,9,Feb,2,1,2013
20130227,2013-02-27,Wednesday,9,Feb,2,1,2013
20130228,2013-02-28,Thursday,9,Feb,2,1,2013
20130301,2013-03-01,Friday,9,Mar,3,1,2013
20130302,2013-03-02,Saturday,9,Mar,3,1,2013
20130303,2013-03-03,Sunday,10,Mar,3,1,2013
20130304,2013-03-04,Monday,10,Mar,3,1,2013
20130305,2013-03-05,Tuesday,10,Mar,3,1,2013
20130306,2013-03-06,Wednesday,10,Mar,3,1,2013
20130307,2013-03-07,Thursday,10,Mar,3,1,2013
20130308,2013-03-08,Friday,10,Mar,3,1,2013
20130309,2013-03-09,Saturday,10,Mar,3,1,2013
20130310,2013-03-10,Sunday,11,Mar,3,1,2013
20130311,2013-03-11,Monday,11,Mar,3,1,2013
20130312,2013-03-12,Tuesday,11,Mar,3,1,2013
20130313,2013-03-13,Wednesday,11,Mar,3,1,2013
20130314,2013-03-14,Thursday,11,Mar,3,1,2013
20130315,2013-03-15,Friday,11,Mar,3,1,2013
20130316,2013-03-16,Saturday,11,Mar,3,1,2013
20130317,2013-03-17,Sunday,12,Mar,3,1,2013
20130318,2013-03-18,Monday,12,Mar,3,1,2013
20130319,2013-03-19,Tuesday,12,Mar,3,1,2013
20130320,2013-03-20,Wednesday,12,Mar,3,1,2013
20130321,2013-03-21,Thursday,12,Mar,3,1,2013
20130322,2013-03-22,Friday,12,Mar,3,1,2013
20130323,2013-03-23,Saturday,12,Mar,3,1,2013
20130324,2013-03-24,Sunday,13,Mar,3,1,2013
20130325,2013-03-25,Monday,13,Mar,3,1,2013
20130326,2013-03-26,Tuesday,13,Mar,3,1,2013
20130327,2013-03-27,Wednesday,13,Mar,3,1,2013
20130328,2013-03-28,Thursday,13,Mar,3,1,2013
20130329,2013-03-29,Friday,13,Mar,3,1,2013
20130330,2013-03-30,Saturday,13,Mar,3,1,2013
20130331,2013-03-31,Sunday,14,Mar,3,1,2013
20130401,2013-04-01,Monday,14,Apr,4,2,2013
20130402,2013-04-02,Tuesday,14,Apr,4,2,2013
20130403,2013-04-03,Wednesday,14,Apr,4,2,2013
20130404,2013-04-04,Thursday,14,Apr,4,2,2013
20130405,2013-04-05,Friday,14,Apr,4,2,2013
20130406,2013-04-06,Saturday,14,Apr,4,2,2013
20130407,2013-04-07,Sunday,15,Apr,4,2,2013
20130408,2013-04-08,Monday,15,Apr,4,2,2013
20130409,2013-04-09,Tuesday,15,Apr,4,2,2013
20130410,2013-04-10,Wednesday,15,Apr,4,2,2013
20130411,2013-04-11,Thursday,15,Apr,4,2,2013
20130412,2013-04-12,Friday,15,Apr,4,2,2013
20130413,2013-04-13,Saturday,15,Apr,4,2,2013
20130414,2013-04-14,Sunday,16,Apr,4,2,2013
20130415,2013-04-15,Monday,16,Apr,4,2,2013
20130416,2013-04-16,Tuesday,16,Apr,4,2,2013
20130417,2013-04-17,Wednesday,16,Apr,4,2,2013
20130418,2013-04-18,Thursday,16,Apr,4,2,2013
20130419,2013-04-19,Friday,16,Apr,4,2,2013
20130420,2013-04-20,Saturday,16,Apr,4,2,2013
20130421,2013-04-21,Sunday,17,Apr,4,2,2013
20130422,2013-04-22,Monday,17,Apr,4,2,2013
20130423,2013-04-23,Tuesday,17,Apr,4,2,2013
20130424,2013-04-24,Wednesday,17,Apr,4,2,2013
20130425,2013-04-25,Thursday,17,Apr,4,2,2013
20130426,2013-04-26,Friday,17,Apr,4,2,2013
20130427,2013-04-27,Saturday,17,Apr,4,2,2013
20130428,2013-04-28,Sunday,18,Apr,4,2,2013
20130429,2013-04-29,Monday,18,Apr,4,2,2013
20130430,2013-04-30,Tuesday,18,Apr,4,2,2013
20130501,2013-05-01,Wednesday,18,May,5,2,2013
20130502,2013-05-02,Thursday,18,May,5,2,2013
20130503,2013-05-03,Friday,18,May,5,2,2013
20130504,2013-05-04,Saturday,18,May,5,2,2013
20130505,2013-05-05,Sunday,19,May,5,2,2013
20130506,2013-05-06,Monday,19,May,5,2,2013
20130507,2013-05-07,Tuesday,19,May,5,2,2013
20130508,2013-05-08,Wednesday,19,May,5,2,2013
20130509,2013-05-09,Thursday,19,May,5,2,2013
20130510,2013-05-10,Friday,19,May,5,2,2013
20130511,2013-05-11,Saturday,19,May,5,2,2013
20130512,2013-05-12,Sunday,20,May,5,2,2013
20130513,2013-05-13,Monday,20,May,5,2,2013
20130514,2013-05-14,Tuesday,20,May,5,2,2013
20130515,2013-05-15,Wednesday,20,May,5,2,2013
20130516,2013-05-16,Thursday,20,May,5,2,2013
20130517,2013-05-17,Friday,20,May,5,2,2013
20130518,2013-05-18,Saturday,20,May,5,2,2013
20130519,2013-05-19,Sunday,21,May,5,2,2013
20130520,2013-05-20,Monday,21,May,5,2,2013
20130521,2013-05-21,Tuesday,21,May,5,2,2013
20130522,2013-05-22,Wednesday,21,May,5,2,2013
20130523,2013-05-23,Thursday,21,May,5,2,2013
20130524,2013-05-24,Friday,21,May,5,2,2013
20130525,2013-05-25,Saturday,21,May,5,2,2013
20130526,2013-05-26,Sunday,22,May,5,2,2013
20130527,2013-05-27,Monday,22,May,5,2,2013
20130528,2013-05-28,Tuesday,22,May,5,2,2013
20130529,2013-05-29,Wednesday,22,May,5,2,2013
20130530,2013-05-30,Thursday,22,May,5,2,2013
20130531,2013-05-31,Friday,22,May,5,2,2013
20130601,2013-06-01,Saturday,22,Jun,6,2,2013
20130602,2013-06-02,Sunday,23,Jun,6,2,2013
20130603,2013-06-03,Monday,23,Jun,6,2,2013
20130604,2013-06-04,Tuesday,23,Jun,6,2,2013
20130605,2013-06-05,Wednesday,23,Jun,6,2,2013
20130606,2013-06-06,Thursday,23,Jun,6,2,2013
20130607,2013-06-07,Friday,23,Jun,6,2,2013
20130608,2013-06-08,Saturday,23,Jun,6,2,2013
20130609,2013-06-09,Sunday,24,Jun,6,2,2013
20130610,2013-06-10,Monday,24,Jun,6,2,2013
20130611,2013-06-11,Tuesday,24,Jun,6,2,2013
20130612,2013-06-12,Wednesday,24,Jun,6,2,2013
20130613,2013-06-13,Thursday,24,Jun,6,2,2013
20130614,2013-06-14,Friday,24,Jun,6,2,2013
20130615,2013-06-15,Saturday,24,Jun,6,2,2013
20130616,2013-06-16,Sunday,25,Jun,6,2,2013
20130617,2013-06-17,Monday,25,Jun,6,2,2013
20130618,2013-06-18,Tuesday,25,Jun,6,2,2013
20130619,2013-06-19,Wednesday,25,Jun,6,2,2013
20130620,2013-06-20,Thursday,25,Jun,6,2,2013
20130621,2013-06-21,Friday,25,Jun,6,2,2013
20130622,2013-06-22,Saturday,25,Jun,6,2,2013
20130623,2013-06-23,Sunday,26,Jun,6,2,2013
20130624,2013-06-24,Monday,26,Jun,6,2,2013
20130625,2013-06-25,Tuesday,26,Jun,6,2,2013
20130626,2013-06-26,Wednesday,26,Jun,6,2,2013
20130627,2013-06-27,Thursday,26,Jun,6,2,2013
20130628,2013-06-28,Friday,26,Jun,6,2,2013
20130629,2013-06-29,Saturday,26,Jun,6,2,2013
20130630,2013-06-30,Sunday,27,Jun,6,2,2013
20130701,2013-07-01,Monday,27,Jul,7,3,2013
20130702,2013-07-02,Tuesday,27,Jul,7,3,2013
20130703,2013-07-03,Wednesday,27,Jul,7,3,2013
20130704,2013-07-04,Thursday,27,Jul,7,3,2013
20130705,2013-07-05,Friday,27,Jul,7,3,2013
20130706,2013-07-06,Saturday,27,Jul,7,3,2013
20130707,2013-07-07,Sunday,28,Jul,7,3,2013
20130708,2013-07-08,Monday,28,Jul,7,3,2013
20130709,2013-07-09,Tuesday,28,Jul,7,3,2013
20130710,2013-07-10,Wednesday,28,Jul,7,3,2013
20130711,2013-07-11,Thursday,28,Jul,7,3,2013
20130712,2013-07-12,Friday,28,Jul,7,3,2013
20130713,2013-07-13,Saturday,28,Jul,7,3,2013
20130714,2013-07-14,Sunday,29,Jul,7,3,2013
20130715,2013-07-15,Monday,29,Jul,7,3,2013
20130716,2013-07-16,Tuesday,29,Jul,7,3,2013
20130717,2013-07-17,Wednesday,29,Jul,7,3,2013
20130718,2013-07-18,Thursday,29,Jul,7,3,2013
20130719,2013-07-19,Friday,29,Jul,7,3,2013
20130720,2013-07-20,Saturday,29,Jul,7,3,2013
20130721,2013-07-21,Sunday,30,Jul,7,3,2013
20130722,2013-07-22,Monday,30,Jul,7,3,2013
20130723,2013-07-23,Tuesday,30,Jul,7,3,2013
20130724,2013-07-24,Wednesday,30,Jul,7,3,2013
20130725,2013-07-25,Thursday,30,Jul,7,3,2013
20130726,2013-07-26,Friday,30,Jul,7,3,2013
20130727,2013-07-27,Saturday,30,Jul,7,3,2013
20130728,2013-07-28,Sunday,31,Jul,7,3,2013
20130729,2013-07-29,Monday,31,Jul,7,3,2013
20130730,2013-07-30,Tuesday,31,Jul,7,3,2013
20130731,2013-07-31,Wednesday,31,Jul,7,3,2013
20130801,2013-08-01,Thursday,31,Aug,8,3,2013
20130802,2013-08-02,Friday,31,Aug,8,3,2013
20130803,2013-08-03,Saturday,31,Aug,8,3,2013
20130804,2013-08-04,Sunday,32,Aug,8,3,2013
20130805,2013-08-05,Monday,32,Aug,8,3,2013
20130806,2013-08-06,Tuesday,32,Aug,8,3,2013
20130807,2013-08-07,Wednesday,32,Aug,8,3,2013
20130808,2013-08-08,Thursday,32,Aug,8,3,2013
20130809,2013-08-09,Friday,32,Aug,8,3,2013
20130810,2013-08-10,Saturday,32,Aug,8,3,2013
20130811,2013-08-11,Sunday,33,Aug,8,3,2013
20130812,2013-08-12,Monday,33,Aug,8,3,2013
20130813,2013-08-13,Tuesday,33,Aug,8,3,2013
20130814,2013-08-14,Wednesday,33,Aug,8,3,2013
20130815,2013-08-15,Thursday,33,Aug,8,3,2013
20130816,2013-08-16,Friday,33,Aug,8,3,2013
20130817,2013-08-17,Saturday,33,Aug,8,3,2013
20130818,2013-08-18,Sunday,34,Aug,8,3,2013
20130819,2013-08-19,Monday,34,Aug,8,3,2013
20130820,2013-08-20,Tuesday,34,Aug,8,3,2013
20130821,2013-08-21,Wednesday,34,Aug,8,3,2013
20130822,2013-08-22,Thursday,34,Aug,8,3,2013
20130823,2013-08-23,Friday,34,Aug,8,3,2013
20130824,2013-08-24,Saturday,34,Aug,8,3,2013
20130825,2013-08-25,Sunday,35,Aug,8,3,2013
20130826,2013-08-26,Monday,35,Aug,8,3,2013
20130827,2013-08-27,Tuesday,35,Aug,8,3,2013
20130828,2013-08-28,Wednesday,35,Aug,8,3,2013
20130829,2013-08-29,Thursday,35,Aug,8,3,2013
20130830,2013-08-30,Friday,35,Aug,8,3,2013
20130831,2013-08-31,Saturday,35,Aug,8,3,2013
20130901,2013-09-01,Sunday,36,Sep,9,3,2013
20130902,2013-09-02,Monday,36,Sep,9,3,2013
20130903,2013-09-03,Tuesday,36,Sep,9,3,2013
20130904,2013-09-04,Wednesday,36,Sep,9,3,2013
20130905,2013-09-05,Thursday,36,Sep,9,3,2013
20130906,2013-09-06,Friday,36,Sep,9,3,2013
20130907,2013-09-07,Saturday,36,Sep,9,3,2013
20130908,2013-09-08,Sunday,37,Sep,9,3,2013
20130909,2013-09-09,Monday,37,Sep,9,3,2013
20130910,2013-09-10,Tuesday,37,Sep,9,3,2013
20130911,2013-09-11,Wednesday,37,Sep,9,3,2013
20130912,2013-09-12,Thursday,37,Sep,9,3,2013
20130913,2013-09-13,Friday,37,Sep,9,3,2013
20130914,2013-09-14,Saturday,37,Sep,9,3,2013
20130915,2013-09-15,Sunday,38,Sep,9,3,2013
20130916,2013-09-16,Monday,38,Sep,9,3,2013
20130917,2013-09-17,Tuesday,38,Sep,9,3,2013
20130918,2013-09-18,Wednesday,38,Sep,9,3,2013
20130919,2013-09-19,Thursday,38,Sep,9,3,2013
20130920,2013-09-20,Friday,38,Sep,9,3,2013
20130921,2013-09-21,Saturday,38,Sep,9,3,2013
20130922,2013-09-22,Sunday,39,Sep,9,3,2013
20130923,2013-09-23,Monday,39,Sep,9,3,2013
20130924,2013-09-24,Tuesday,39,Sep,9,3,2013
20130925,2013-09-25,Wednesday,39,Sep,9,3,2013
20130926,2013-09-26,Thursday,39,Sep,9,3,2013
20130927,2013-09-27,Friday,39,Sep,9,3,2013
20130928,2013-09-28,Saturday,39,Sep,9,3,2013
20130929,2013-09-29,Sunday,40,Sep,9,3,2013
20130930,2013-09-30,Monday,40,Sep,9,3,2013
20131001,2013-10-01,Tuesday,40,Oct,10,4,2013
20131002,2013-10-02,Wednesday,40,Oct,10,4,2013
20131003,2013-10-03,Thursday,40,Oct,10,4,2013
20131004,2013-10-04,Friday,40,Oct,10,4,2013
20131005,2013-10-05,Saturday,40,Oct,10,4,2013
20131006,2013-10-06,Sunday,41,Oct,10,4,2013
20131007,2013-10-07,Monday,41,Oct,10,4,2013
20131008,2013-10-08,Tuesday,41,Oct,10,4,2013
20131009,2013-10-09,Wednesday,41,Oct,10,4,2013
20131010,2013-10-10,Thursday,41,Oct,10,4,2013
20131011,2013-10-11,Friday,41,Oct,10,4,2013
20131012,2013-10-12,Saturday,41,Oct,10,4,2013
20131013,2013-10-13,Sunday,42,Oct,10,4,2013
20131014,2013-10-14,Monday,42,Oct,10,4,2013
20131015,2013-10-15,Tuesday,42,Oct,10,4,2013
20131016,2013-10-16,Wednesday,42,Oct,10,4,2013
20131017,2013-10-17,Thursday,42,Oct,10,4,2013
20131018,2013-10-18,Friday,42,Oct,10,4,2013
20131019,2013-10-19,Saturday,42,Oct,10,4,2013
20131020,2013-10-20,Sunday,43,Oct,10,4,2013
20131021,2013-10-21,Monday,43,Oct,10,4,2013
20131022,2013-10-22,Tuesday,43,Oct,10,4,2013
20131023,2013-10-23,Wednesday,43,Oct,10,4,2013
20131024,2013-10-24,Thursday,43,Oct,10,4,2013
20131025,2013-10-25,Friday,43,Oct,10,4,2013
20131026,2013-10-26,Saturday,43,Oct,10,4,2013
20131027,2013-10-27,Sunday,44,Oct,10,4,2013
20131028,2013-10-28,Monday,44,Oct,10,4,2013
20131029,2013-10-29,Tuesday,44,Oct,10,4,2013
20131030,2013-10-30,Wednesday,44,Oct,10,4,2013
20131031,2013-10-31,Thursday,44,Oct,10,4,2013
20131101,2013-11-01,Friday,44,Nov,11,4,2013
20131102,2013-11-02,Saturday,44,Nov,11,4,2013
20131103,2013-11-03,Sunday,45,Nov,11,4,2013
20131104,2013-11-04,Monday,45,Nov,11,4,2013
20131105,2013-11-05,Tuesday,45,Nov,11,4,2013
20131106,2013-11-06,Wednesday,45,Nov,11,4,2013
20131107,2013-11-07,Thursday,45,Nov,11,4,2013
20131108,2013-11-08,Friday,45,Nov,11,4,2013
20131109,2013-11-09,Saturday,45,Nov,11,4,2013
20131110,2013-11-10,Sunday,46,Nov,11,4,2013
20131111,2013-11-11,Monday,46,Nov,11,4,2013
20131112,2013-11-12,Tuesday,46,Nov,11,4,2013
20131113,2013-11-13,Wednesday,46,Nov,11,4,2013
20131114,2013-11-14,Thursday,46,Nov,11,4,2013
20131115,2013-11-15,Friday,46,Nov,11,4,2013
20131116,2013-11-16,Saturday,46,Nov,11,4,2013
20131117,2013-11-17,Sunday,47,Nov,11,4,2013
20131118,2013-11-18,Monday,47,Nov,11,4,2013
20131119,2013-11-19,Tuesday,47,Nov,11,4,2013
20131120,2013-11-20,Wednesday,47,Nov,11,4,2013
20131121,2013-11-21,Thursday,47,Nov,11,4,2013
20131122,2013-11-22,Friday,47,Nov,11,4,2013
20131123,2013-11-23,Saturday,47,Nov,11,4,2013
20131124,2013-11-24,Sunday,48,Nov,11,4,2013
20131125,2013-11-25,Monday,48,Nov,11,4,2013
20131126,2013-11-26,Tuesday,48,Nov,11,4,2013
20131127,2013-11-27,Wednesday,48,Nov,11,4,2013
20131128,2013-11-28,Thursday,48,Nov,11,4,2013
20131129,2013-11-29,Friday,48,Nov,11,4,2013
20131130,2013-11-30,Saturday,48,Nov,11,4,2013
20131201,2013-12-01,Sunday,49,Dec,12,4,2013
20131202,2013-12-02,Monday,49,Dec,12,4,2013
20131203,2013-12-03,Tuesday,49,Dec,12,4,2013
20131204,2013-12-04,Wednesday,49,Dec,12,4,2013
20131205,2013-12-05,Thursday,49,Dec,12,4,2013
20131206,2013-12-06,Friday,49,Dec,12,4,2013
20131207,2013-12-07,Saturday,49,Dec,12,4,2013
20131208,2013-12-08,Sunday,50,Dec,12,4,2013
20131209,2013-12-09,Monday,50,Dec,12,4,2013
20131210,2013-12-10,Tuesday,50,Dec,12,4,2013
20131211,2013-12-11,Wednesday,50,Dec,12,4,2013
20131212,2013-12-12,Thursday,50,Dec,12,4,2013
20131213,2013-12-13,Friday,50,Dec,12,4,2013
20131214,2013-12-14,Saturday,50,Dec,12,4,2013
20131215,2013-12-15,Sunday,51,Dec,12,4,2013
20131216,2013-12-16,Monday,51,Dec,12,4,2013
20131217,2013-12-17,Tuesday,51,Dec,12,4,2013
20131218,2013-12-18,Wednesday,51,Dec,12,4,2013
20131219,2013-12-19,Thursday,51,Dec,12,4,2013
20131220,2013-12-20,Friday,51,Dec,12,4,2013
20131221,2013-12-21,Saturday,51,Dec,12,4,2013
20131222,2013-12-22,Sunday,52,Dec,12,4,2013
20131223,2013-12-23,Monday,52,Dec,12,4,2013
20131224,2013-12-24,Tuesday,52,Dec,12,4,2013
20131225,2013-12-25,Wednesday,52,Dec,12,4,2013
20131226,2013-12-26,Thursday,52,Dec,12,4,2013
20131227,2013-12-27,Friday,52,Dec,12,4,2013
20131228,2013-12-28,Saturday,52,Dec,12,4,2013
20131229,2013-12-29,Sunday,53,Dec,12,4,2013
20131230,2013-12-30,Monday,53,Dec,12,4,2013
20131231,2013-12-31,Tuesday,53,Dec,12,4,2013
20140101,2014-01-01,Wednesday,1,Jan,1,1,2014
20140102,2014-01-02,Thursday,1,Jan,1,1,2014
20140103,2014-01-03,Friday,1,Jan,1,1,2014
20140104,2014-01-04,Saturday,1,Jan,1,1,2014
20140105,2014-01-05,Sunday,2,Jan,1,1,2014
20140106,2014-01-06,Monday,2,Jan,1,1,2014
20140107,2014-01-07,Tuesday,2,Jan,1,1,2014
20140108,2014-01-08,Wednesday,2,Jan,1,1,2014
20140109,2014-01-09,Thursday,2,Jan,1,1,2014
20140110,2014-01-10,Friday,2,Jan,1,1,2014
20140111,2014-01-11,Saturday,2,Jan,1,1,2014
20140112,2014-01-12,Sunday,3,Jan,1,1,2014
20140113,2014-01-13,Monday,3,Jan,1,1,2014
20140114,2014-01-14,Tuesday,3,Jan,1,1,2014
20140115,2014-01-15,Wednesday,3,Jan,1,1,2014
20140116,2014-01-16,Thursday,3,Jan,1,1,2014
20140117,2014-01-17,Friday,3,Jan,1,1,2014
20140118,2014-01-18,Saturday,3,Jan,1,1,2014
20140119,2014-01-19,Sunday,4,Jan,1,1,2014
20140120,2014-01-20,Monday,4,Jan,1,1,2014
20140121,2014-01-21,Tuesday,4,Jan,1,1,2014
20140122,2014-01-22,Wednesday,4,Jan,1,1,2014
20140123,2014-01-23,Thursday,4,Jan,1,1,2014
20140124,2014-01-24,Friday,4,Jan,1,1,2014
20140125,2014-01-25,Saturday,4,Jan,1,1,2014
20140126,2014-01-26,Sunday,5,Jan,1,1,2014
20140127,2014-01-27,Monday,5,Jan,1,1,2014
20140128,2014-01-28,Tuesday,5,Jan,1,1,2014
20140129,2014-01-29,Wednesday,5,Jan,1,1,2014
20140130,2014-01-30,Thursday,5,Jan,1,1,2014
20140131,2014-01-31,Friday,5,Jan,1,1,2014
20140201,2014-02-01,Saturday,5,Feb,2,1,2014
20140202,2014-02-02,Sunday,6,Feb,2,1,2014
20140203,2014-02-03,Monday,6,Feb,2,1,2014
20140204,2014-02-04,Tuesday,6,Feb,2,1,2014
20140205,2014-02-05,Wednesday,6,Feb,2,1,2014
20140206,2014-02-06,Thursday,6,Feb,2,1,2014
20140207,2014-02-07,Friday,6,Feb,2,1,2014
20140208,2014-02-08,Saturday,6,Feb,2,1,2014
20140209,2014-02-09,Sunday,7,Feb,2,1,2014
20140210,2014-02-10,Monday,7,Feb,2,1,2014
20140211,2014-02-11,Tuesday,7,Feb,2,1,2014
20140212,2014-02-12,Wednesday,7,Feb,2,1,2014
20140213,2014-02-13,Thursday,7,Feb,2,1,2014
20140214,2014-02-14,Friday,7,Feb,2,1,2014
20140215,2014-02-15,Saturday,7,Feb,2,1,2014
20140216,2014-02-16,Sunday,8,Feb,2,1,2014
20140217,2014-02-17,Monday,8,Feb,2,1,2014
20140218,2014-02-18,Tuesday,8,Feb,2,1,2014
20140219,2014-02-19,Wednesday,8,Feb,2,1,2014
20140220,2014-02-20,Thursday,8,Feb,2,1,2014
20140221,2014-02-21,Friday,8,Feb,2,1,2014
20140222,2014-02-22,Saturday,8,Feb,2,1,2014
20140223,2014-02-23,Sunday,9,Feb,2,1,2014
20140224,2014-02-24,Monday,9,Feb,2,1,2014
20140225,2014-02-25,Tuesday,9,Feb,2,1,2014
20140226,2014-02-26,Wednesday,9,Feb,2,1,2014
20140227,2014-02-27,Thursday,9,Feb,2,1,2014
20140228,2014-02-28,Friday,9,Feb,2,1,2014
20140301,2014-03-01,Saturday,9,Mar,3,1,2014
20140302,2014-03-02,Sunday,10,Mar,3,1,2014
20140303,2014-03-03,Monday,10,Mar,3,1,2014
20140304,2014-03-04,Tuesday,10,Mar,3,1,2014
20140305,2014-03-05,Wednesday,10,Mar,3,1,2014
20140306,2014-03-06,Thursday,10,Mar,3,1,2014
20140307,2014-03-07,Friday,10,Mar,3,1,2014
20140308,2014-03-08,Saturday,10,Mar,3,1,2014
20140309,2014-03-09,Sunday,11,Mar,3,1,2014
20140310,2014-03-10,Monday,11,Mar,3,1,2014
20140311,2014-03-11,Tuesday,11,Mar,3,1,2014
20140312,2014-03-12,Wednesday,11,Mar,3,1,2014
20140313,2014-03-13,Thursday,11,Mar,3,1,2014
20140314,2014-03-14,Friday,11,Mar,3,1,2014
20140315,2014-03-15,Saturday,11,Mar,3,1,2014
20140316,2014-03-16,Sunday,12,Mar,3,1,2014
20140317,2014-03-17,Monday,12,Mar,3,1,2014
20140318,2014-03-18,Tuesday,12,Mar,3,1,2014
20140319,2014-03-19,Wednesday,12,Mar,3,1,2014
20140320,2014-03-20,Thursday,12,Mar,3,1,2014
20140321,2014-03-21,Friday,12,Mar,3,1,2014
20140322,2014-03-22,Saturday,12,Mar,3,1,2014
20140323,2014-03-23,Sunday,13,Mar,3,1,2014
20140324,2014-03-24,Monday,13,Mar,3,1,2014
20140325,2014-03-25,Tuesday,13,Mar,3,1,2014
20140326,2014-03-26,Wednesday,13,Mar,3,1,2014
20140327,2014-03-27,Thursday,13,Mar,3,1,2014
20140328,2014-03-28,Friday,13,Mar,3,1,2014
20140329,2014-03-29,Saturday,13,Mar,3,1,2014
20140330,2014-03-30,Sunday,14,Mar,3,1,2014
20140331,2014-03-31,Monday,14,Mar,3,1,2014
20140401,2014-04-01,Tuesday,14,Apr,4,2,2014
20140402,2014-04-02,Wednesday,14,Apr,4,2,2014
20140403,2014-04-03,Thursday,14,Apr,4,2,2014
20140404,2014-04-04,Friday,14,Apr,4,2,2014
20140405,2014-04-05,Saturday,14,Apr,4,2,2014
20140406,2014-04-06,Sunday,15,Apr,4,2,2014
20140407,2014-04-07,Monday,15,Apr,4,2,2014
20140408,2014-04-08,Tuesday,15,Apr,4,2,2014
20140409,2014-04-09,Wednesday,15,Apr,4,2,2014
20140410,2014-04-10,Thursday,15,Apr,4,2,2014
20140411,2014-04-11,Friday,15,Apr,4,2,2014
20140412,2014-04-12,Saturday,15,Apr,4,2,2014
20140413,2014-04-13,Sunday,16,Apr,4,2,2014
20140414,2014-04-14,Monday,16,Apr,4,2,2014
20140415,2014-04-15,Tuesday,16,Apr,4,2,2014
20140416,2014-04-16,Wednesday,16,Apr,4,2,2014
20140417,2014-04-17,Thursday,16,Apr,4,2,2014
20140418,2014-04-18,Friday,16,Apr,4,2,2014
20140419,2014-04-19,Saturday,16,Apr,4,2,2014
20140420,2014-04-20,Sunday,17,Apr,4,2,2014
20140421,2014-04-21,Monday,17,Apr,4,2,2014
20140422,2014-04-22,Tuesday,17,Apr,4,2,2014
20140423,2014-04-23,Wednesday,17,Apr,4,2,2014
20140424,2014-04-24,Thursday,17,Apr,4,2,2014
20140425,2014-04-25,Friday,17,Apr,4,2,2014
20140426,2014-04-26,Saturday,17,Apr,4,2,2014
20140427,2014-04-27,Sunday,18,Apr,4,2,2014
20140428,2014-04-28,Monday,18,Apr,4,2,2014
20140429,2014-04-29,Tuesday,18,Apr,4,2,2014
20140430,2014-04-30,Wednesday,18,Apr,4,2,2014
20140501,2014-05-01,Thursday,18,May,5,2,2014
20140502,2014-05-02,Friday,18,May,5,2,2014
20140503,2014-05-03,Saturday,18,May,5,2,2014
20140504,2014-05-04,Sunday,19,May,5,2,2014
20140505,2014-05-05,Monday,19,May,5,2,2014
20140506,2014-05-06,Tuesday,19,May,5,2,2014
20140507,2014-05-07,Wednesday,19,May,5,2,2014
20140508,2014-05-08,Thursday,19,May,5,2,2014
20140509,2014-05-09,Friday,19,May,5,2,2014
20140510,2014-05-10,Saturday,19,May,5,2,2014
20140511,2014-05-11,Sunday,20,May,5,2,2014
20140512,2014-05-12,Monday,20,May,5,2,2014
20140513,2014-05-13,Tuesday,20,May,5,2,2014
20140514,2014-05-14,Wednesday,20,May,5,2,2014
20140515,2014-05-15,Thursday,20,May,5,2,2014
20140516,2014-05-16,Friday,20,May,5,2,2014
20140517,2014-05-17,Saturday,20,May,5,2,2014
20140518,2014-05-18,Sunday,21,May,5,2,2014
20140519,2014-05-19,Monday,21,May,5,2,2014
20140520,2014-05-20,Tuesday,21,May,5,2,2014
20140521,2014-05-21,Wednesday,21,May,5,2,2014
20140522,2014-05-22,Thursday,21,May,5,2,2014
20140523,2014-05-23,Friday,21,May,5,2,2014
20140524,2014-05-24,Saturday,21,May,5,2,2014
20140525,2014-05-25,Sunday,22,May,5,2,2014
20140526,2014-05-26,Monday,22,May,5,2,2014
20140527,2014-05-27,Tuesday,22,May,5,2,2014
20140528,2014-05-28,Wednesday,22,May,5,2,2014
20140529,2014-05-29,Thursday,22,May,5,2,2014
20140530,2014-05-30,Friday,22,May,5,2,2014
20140531,2014-05-31,Saturday,22,May,5,2,2014
20140601,2014-06-01,Sunday,23,Jun,6,2,2014
20140602,2014-06-02,Monday,23,Jun,6,2,2014
20140603,2014-06-03,Tuesday,23,Jun,6,2,2014
20140604,2014-06-04,Wednesday,23,Jun,6,2,2014
20140605,2014-06-05,Thursday,23,Jun,6,2,2014
20140606,2014-06-06,Friday,23,Jun,6,2,2014
20140607,2014-06-07,Saturday,23,Jun,6,2,2014
20140608,2014-06-08,Sunday,24,Jun,6,2,2014
20140609,2014-06-09,Monday,24,Jun,6,2,2014
20140610,2014-06-10,Tuesday,24,Jun,6,2,2014
20140611,2014-06-11,Wednesday,24,Jun,6,2,2014
20140612,2014-06-12,Thursday,24,Jun,6,2,2014
20140613,2014-06-13,Friday,24,Jun,6,2,2014
20140614,2014-06-14,Saturday,24,Jun,6,2,2014
20140615,2014-06-15,Sunday,25,Jun,6,2,2014
20140616,2014-06-16,Monday,25,Jun,6,2,2014
20140617,2014-06-17,Tuesday,25,Jun,6,2,2014
20140618,2014-06-18,Wednesday,25,Jun,6,2,2014
20140619,2014-06-19,Thursday,25,Jun,6,2,2014
20140620,2014-06-20,Friday,25,Jun,6,2,2014
20140621,2014-06-21,Saturday,25,Jun,6,2,2014
20140622,2014-06-22,Sunday,26,Jun,6,2,2014
20140623,2014-06-23,Monday,26,Jun,6,2,2014
20140624,2014-06-24,Tuesday,26,Jun,6,2,2014
20140625,2014-06-25,Wednesday,26,Jun,6,2,2014
20140626,2014-06-26,Thursday,26,Jun,6,2,2014
20140627,2014-06-27,Friday,26,Jun,6,2,2014
20140628,2014-06-28,Saturday,26,Jun,6,2,2014
20140629,2014-06-29,Sunday,27,Jun,6,2,2014
20140630,2014-06-30,Monday,27,Jun,6,2,2014
20140701,2014-07-01,Tuesday,27,Jul,7,3,2014
20140702,2014-07-02,Wednesday,27,Jul,7,3,2014
20140703,2014-07-03,Thursday,27,Jul,7,3,2014
20140704,2014-07-04,Friday,27,Jul,7,3,2014
20140705,2014-07-05,Saturday,27,Jul,7,3,2014
20140706,2014-07-06,Sunday,28,Jul,7,3,2014
20140707,2014-07-07,Monday,28,Jul,7,3,2014
20140708,2014-07-08,Tuesday,28,Jul,7,3,2014
20140709,2014-07-09,Wednesday,28,Jul,7,3,2014
20140710,2014-07-10,Thursday,28,Jul,7,3,2014
20140711,2014-07-11,Friday,28,Jul,7,3,2014
20140712,2014-07-12,Saturday,28,Jul,7,3,2014
20140713,2014-07-13,Sunday,29,Jul,7,3,2014
20140714,2014-07-14,Monday,29,Jul,7,3,2014
20140715,2014-07-15,Tuesday,29,Jul,7,3,2014
20140716,2014-07-16,Wednesday,29,Jul,7,3,2014
20140717,2014-07-17,Thursday,29,Jul,7,3,2014
20140718,2014-07-18,Friday,29,Jul,7,3,2014
20140719,2014-07-19,Saturday,29,Jul,7,3,2014
20140720,2014-07-20,Sunday,30,Jul,7,3,2014
20140721,2014-07-21,Monday,30,Jul,7,3,2014
20140722,2014-07-22,Tuesday,30,Jul,7,3,2014
20140723,2014-07-23,Wednesday,30,Jul,7,3,2014
20140724,2014-07-24,Thursday,30,Jul,7,3,2014
20140725,2014-07-25,Friday,30,Jul,7,3,2014
20140726,2014-07-26,Saturday,30,Jul,7,3,2014
20140727,2014-07-27,Sunday,31,Jul,7,3,2014
20140728,2014-07-28,Monday,31,Jul,7,3,2014
20140729,2014-07-29,Tuesday,31,Jul,7,3,2014
20140730,2014-07-30,Wednesday,31,Jul,7,3,2014
20140731,2014-07-31,Thursday,31,Jul,7,3,2014
20140801,2014-08-01,Friday,31,Aug,8,3,2014
20140802,2014-08-02,Saturday,31,Aug,8,3,2014
20140803,2014-08-03,Sunday,32,Aug,8,3,2014
20140804,2014-08-04,Monday,32,Aug,8,3,2014
20140805,2014-08-05,Tuesday,32,Aug,8,3,2014
20140806,2014-08-06,Wednesday,32,Aug,8,3,2014
20140807,2014-08-07,Thursday,32,Aug,8,3,2014
20140808,2014-08-08,Friday,32,Aug,8,3,2014
20140809,2014-08-09,Saturday,32,Aug,8,3,2014
20140810,2014-08-10,Sunday,33,Aug,8,3,2014
20140811,2014-08-11,Monday,33,Aug,8,3,2014
20140812,2014-08-12,Tuesday,33,Aug,8,3,2014
20140813,2014-08-13,Wednesday,33,Aug,8,3,2014
20140814,2014-08-14,Thursday,33,Aug,8,3,2014
20140815,2014-08-15,Friday,33,Aug,8,3,2014
20140816,2014-08-16,Saturday,33,Aug,8,3,2014
20140817,2014-08-17,Sunday,34,Aug,8,3,2014
20140818,2014-08-18,Monday,34,Aug,8,3,2014
20140819,2014-08-19,Tuesday,34,Aug,8,3,2014
20140820,2014-08-20,Wednesday,34,Aug,8,3,2014
20140821,2014-08-21,Thursday,34,Aug,8,3,2014
20140822,2014-08-22,Friday,34,Aug,8,3,2014
20140823,2014-08-23,Saturday,34,Aug,8,3,2014
20140824,2014-08-24,Sunday,35,Aug,8,3,2014
20140825,2014-08-25,Monday,35,Aug,8,3,2014
20140826,2014-08-26,Tuesday,35,Aug,8,3,2014
20140827,2014-08-27,Wednesday,35,Aug,8,3,2014
20140828,2014-08-28,Thursday,35,Aug,8,3,2014
20140829,2014-08-29,Friday,35,Aug,8,3,2014
20140830,2014-08-30,Saturday,35,Aug,8,3,2014
20140831,2014-08-31,Sunday,36,Aug,8,3,2014
20140901,2014-09-01,Monday,36,Sep,9,3,2014
20140902,2014-09-02,Tuesday,36,Sep,9,3,2014
20140903,2014-09-03,Wednesday,36,Sep,9,3,2014
20140904,2014-09-04,Thursday,36,Sep,9,3,2014
20140905,2014-09-05,Friday,36,Sep,9,3,2014
20140906,2014-09-06,Saturday,36,Sep,9,3,2014
20140907,2014-09-07,Sunday,37,Sep,9,3,2014
20140908,2014-09-08,Monday,37,Sep,9,3,2014
20140909,2014-09-09,Tuesday,37,Sep,9,3,2014
20140910,2014-09-10,Wednesday,37,Sep,9,3,2014
20140911,2014-09-11,Thursday,37,Sep,9,3,2014
20140912,2014-09-12,Friday,37,Sep,9,3,2014
20140913,2014-09-13,Saturday,37,Sep,9,3,2014
20140914,2014-09-14,Sunday,38,Sep,9,3,2014
20140915,2014-09-15,Monday,38,Sep,9,3,2014
20140916,2014-09-16,Tuesday,38,Sep,9,3,2014
20140917,2014-09-17,Wednesday,38,Sep,9,3,2014
20140918,2014-09-18,Thursday,38,Sep,9,3,2014
20140919,2014-09-19,Friday,38,Sep,9,3,2014
20140920,2014-09-20,Saturday,38,Sep,9,3,2014
20140921,2014-09-21,Sunday,39,Sep,9,3,2014
20140922,2014-09-22,Monday,39,Sep,9,3,2014
20140923,2014-09-23,Tuesday,39,Sep,9,3,2014
20140924,2014-09-24,Wednesday,39,Sep,9,3,2014
20140925,2014-09-25,Thursday,39,Sep,9,3,2014
20140926,2014-09-26,Friday,39,Sep,9,3,2014
20140927,2014-09-27,Saturday,39,Sep,9,3,2014
20140928,2014-09-28,Sunday,40,Sep,9,3,2014
20140929,2014-09-29,Monday,40,Sep,9,3,2014
20140930,2014-09-30,Tuesday,40,Sep,9,3,2014
20141001,2014-10-01,Wednesday,40,Oct,10,4,2014
20141002,2014-10-02,Thursday,40,Oct,10,4,2014
20141003,2014-10-03,Friday,40,Oct,10,4,2014
20141004,2014-10-04,Saturday,40,Oct,10,4,2014
20141005,2014-10-05,Sunday,41,Oct,10,4,2014
20141006,2014-10-06,Monday,41,Oct,10,4,2014
20141007,2014-10-07,Tuesday,41,Oct,10,4,2014
20141008,2014-10-08,Wednesday,41,Oct,10,4,2014
20141009,2014-10-09,Thursday,41,Oct,10,4,2014
20141010,2014-10-10,Friday,41,Oct,10,4,2014
20141011,2014-10-11,Saturday,41,Oct,10,4,2014
20141012,2014-10-12,Sunday,42,Oct,10,4,2014
20141013,2014-10-13,Monday,42,Oct,10,4,2014
20141014,2014-10-14,Tuesday,42,Oct,10,4,2014
20141015,2014-10-15,Wednesday,42,Oct,10,4,2014
20141016,2014-10-16,Thursday,42,Oct,10,4,2014
20141017,2014-10-17,Friday,42,Oct,10,4,2014
20141018,2014-10-18,Saturday,42,Oct,10,4,2014
20141019,2014-10-19,Sunday,43,Oct,10,4,2014
20141020,2014-10-20,Monday,43,Oct,10,4,2014
20141021,2014-10-21,Tuesday,43,Oct,10,4,2014
20141022,2014-10-22,Wednesday,43,Oct,10,4,2014
20141023,2014-10-23,Thursday,43,Oct,10,4,2014
20141024,2014-10-24,Friday,43,Oct,10,4,2014
20141025,2014-10-25,Saturday,43,Oct,10,4,2014
20141026,2014-10-26,Sunday,44,Oct,10,4,2014
20141027,2014-10-27,Monday,44,Oct,10,4,2014
20141028,2014-10-28,Tuesday,44,Oct,10,4,2014
20141029,2014-10-29,Wednesday,44,Oct,10,4,2014
20141030,2014-10-30,Thursday,44,Oct,10,4,2014
20141031,2014-10-31,Friday,44,Oct,10,4,2014
20141101,2014-11-01,Saturday,44,Nov,11,4,2014
20141102,2014-11-02,Sunday,45,Nov,11,4,2014
20141103,2014-11-03,Monday,45,Nov,11,4,2014
20141104,2014-11-04,Tuesday,45,Nov,11,4,2014
20141105,2014-11-05,Wednesday,45,Nov,11,4,2014
20141106,2014-11-06,Thursday,45,Nov,11,4,2014
20141107,2014-11-07,Friday,45,Nov,11,4,2014
20141108,2014-11-08,Saturday,45,Nov,11,4,2014
20141109,2014-11-09,Sunday,46,Nov,11,4,2014
20141110,2014-11-10,Monday,46,Nov,11,4,2014
20141111,2014-11-11,Tuesday,46,Nov,11,4,2014
20141112,2014-11-12,Wednesday,46,Nov,11,4,2014
20141113,2014-11-13,Thursday,46,Nov,11,4,2014
20141114,2014-11-14,Friday,46,Nov,11,4,2014
20141115,2014-11-15,Saturday,46,Nov,11,4,2014
20141116,2014-11-16,Sunday,47,Nov,11,4,2014
20141117,2014-11-17,Monday,47,Nov,11,4,2014
20141118,2014-11-18,Tuesday,47,Nov,11,4,2014
20141119,2014-11-19,Wednesday,47,Nov,11,4,2014
20141120,2014-11-20,Thursday,47,Nov,11,4,2014
20141121,2014-11-21,Friday,47,Nov,11,4,2014
20141122,2014-11-22,Saturday,47,Nov,11,4,2014
20141123,2014-11-23,Sunday,48,Nov,11,4,2014
20141124,2014-11-24,Monday,48,Nov,11,4,2014
20141125,2014-11-25,Tuesday,48,Nov,11,4,2014
20141126,2014-11-26,Wednesday,48,Nov,11,4,2014
20141127,2014-11-27,Thursday,48,Nov,11,4,2014
20141128,2014-11-28,Friday,48,Nov,11,4,2014
20141129,2014-11-29,Saturday,48,Nov,11,4,2014
20141130,2014-11-30,Sunday,49,Nov,11,4,2014
20141201,2014-12-01,Monday,49,Dec,12,4,2014
20141202,2014-12-02,Tuesday,49,Dec,12,4,2014
20141203,2014-12-03,Wednesday,49,Dec,12,4,2014
20141204,2014-12-04,Thursday,49,Dec,12,4,2014
20141205,2014-12-05,Friday,49,Dec,12,4,2014
20141206,2014-12-06,Saturday,49,Dec,12,4,2014
20141207,2014-12-07,Sunday,50,Dec,12,4,2014
20141208,2014-12-08,Monday,50,Dec,12,4,2014
20141209,2014-12-09,Tuesday,50,Dec,12,4,2014
20141210,2014-12-10,Wednesday,50,Dec,12,4,2014
20141211,2014-12-11,Thursday,50,Dec,12,4,2014
20141212,2014-12-12,Friday,50,Dec,12,4,2014
20141213,2014-12-13,Saturday,50,Dec,12,4,2014
20141214,2014-12-14,Sunday,51,Dec,12,4,2014
20141215,2014-12-15,Monday,51,Dec,12,4,2014
20141216,2014-12-16,Tuesday,51,Dec,12,4,2014
20141217,2014-12-17,Wednesday,51,Dec,12,4,2014
20141218,2014-12-18,Thursday,51,Dec,12,4,2014
20141219,2014-12-19,Friday,51,Dec,12,4,2014
20141220,2014-12-20,Saturday,51,Dec,12,4,2014
20141221,2014-12-21,Sunday,52,Dec,12,4,2014
20141222,2014-12-22,Monday,52,Dec,12,4,2014
20141223,2014-12-23,Tuesday,52,Dec,12,4,2014
20141224,2014-12-24,Wednesday,52,Dec,12,4,2014
20141225,2014-12-25,Thursday,52,Dec,12,4,2014
20141226,2014-12-26,Friday,52,Dec,12,4,2014
20141227,2014-12-27,Saturday,52,Dec,12,4,2014
20141228,2014-12-28,Sunday,53,Dec,12,4,2014
20141229,2014-12-29,Monday,53,Dec,12,4,2014
20141230,2014-12-30,Tuesday,53,Dec,12,4,2014
20141231,2014-12-31,Wednesday,53,Dec,12,4,2014
